{"cameraMode":{"drawMode":0,"name":"Shaded","section":"Shading Mode"},"sceneLighting":false,"audioPlay":false,"sceneViewState":{"showFog":true,"showMaterialUpdate":true,"showSkybox":false,"showFlares":true,"showImageEffects":true,"showParticleSystems":true},"in2DMode":false,"pivot":{"x":-22.83670425415039,"y":2.8677144050598146,"z":2.9319777488708498},"rotation":{"x":-0.13348884880542756,"y":0.4814714789390564,"z":-0.07505056262016297,"w":-0.8629794120788574},"size":1.9099618196487427,"orthographic":false}