{"cameraMode":{"drawMode":0,"name":"Shaded","section":"Shading Mode"},"sceneLighting":false,"audioPlay":false,"sceneViewState":{"showFog":true,"showMaterialUpdate":true,"showSkybox":false,"showFlares":true,"showImageEffects":true,"showParticleSystems":true},"in2DMode":false,"pivot":{"x":-1.2234320640563965,"y":5.2014055252075199,"z":2.134192705154419},"rotation":{"x":0.0382060706615448,"y":-0.9131824970245361,"z":0.08939867466688156,"w":0.3957851231098175},"size":1.0720956325531006,"orthographic":false}