{"cameraMode":{"drawMode":0,"name":"Shaded","section":"Shading Mode"},"sceneLighting":false,"audioPlay":false,"sceneViewState":{"showFog":true,"showMaterialUpdate":true,"showSkybox":false,"showFlares":true,"showImageEffects":true,"showParticleSystems":true},"in2DMode":false,"pivot":{"x":0.0,"y":0.10883212089538574,"z":0.051599979400634769},"rotation":{"x":-0.2043471336364746,"y":-0.0079287588596344,"z":0.0016550009604543448,"w":-0.9788650274276733},"size":3.710545301437378,"orthographic":false}