{"cameraMode":{"drawMode":0,"name":"Shaded","section":"Shading Mode"},"sceneLighting":false,"audioPlay":false,"sceneViewState":{"showFog":true,"showMaterialUpdate":true,"showSkybox":false,"showFlares":true,"showImageEffects":true,"showParticleSystems":true},"in2DMode":false,"pivot":{"x":-8.902938842773438,"y":0.5553776621818543,"z":-3.6160991191864015},"rotation":{"x":0.050943467766046527,"y":-0.16330447793006898,"z":0.008947479538619519,"w":0.9852190017700195},"size":3.899942398071289,"orthographic":false}