{"cameraMode":{"drawMode":0,"name":"Shaded","section":"Shading Mode"},"sceneLighting":false,"audioPlay":false,"sceneViewState":{"showFog":true,"showMaterialUpdate":true,"showSkybox":false,"showFlares":true,"showImageEffects":true,"showParticleSystems":true},"in2DMode":false,"pivot":{"x":-10.748648643493653,"y":-5.924447059631348,"z":40.01462936401367},"rotation":{"x":-0.13493286073207856,"y":0.16017688810825349,"z":-0.022616412490606309,"w":-0.9775607585906982},"size":40.454559326171878,"orthographic":false}