{"cameraMode":{"drawMode":0,"name":"Shaded","section":"Shading Mode"},"sceneLighting":false,"audioPlay":false,"sceneViewState":{"showFog":true,"showMaterialUpdate":true,"showSkybox":false,"showFlares":true,"showImageEffects":true,"showParticleSystems":true},"in2DMode":false,"pivot":{"x":5.004426002502441,"y":-1.9725892543792725,"z":-8.456787109375},"rotation":{"x":0.17239052057266236,"y":0.14598044753074647,"z":-0.025843420997262,"w":0.9738087058067322},"size":5.508915901184082,"orthographic":false}