{"cameraMode":{"drawMode":0,"name":"Shaded","section":"Shading Mode"},"sceneLighting":false,"audioPlay":false,"sceneViewState":{"showFog":true,"showMaterialUpdate":true,"showSkybox":false,"showFlares":true,"showImageEffects":true,"showParticleSystems":true},"in2DMode":false,"pivot":{"x":7.880446434020996,"y":7.831816673278809,"z":-4.318865776062012},"rotation":{"x":0.07391654700040817,"y":0.7844092845916748,"z":-0.09529970586299896,"w":0.608404815196991},"size":22.217315673828126,"orthographic":false}