{"cameraMode":{"drawMode":0,"name":"Shaded","section":"Shading Mode"},"sceneLighting":false,"audioPlay":false,"sceneViewState":{"showFog":true,"showMaterialUpdate":true,"showSkybox":false,"showFlares":true,"showImageEffects":true,"showParticleSystems":true},"in2DMode":false,"pivot":{"x":-9.685187339782715,"y":2.3645567893981935,"z":7.916111946105957},"rotation":{"x":-0.029074978083372117,"y":0.9704266786575317,"z":-0.16841058433055879,"w":-0.1704835295677185},"size":12.402883529663086,"orthographic":false}