{"cameraMode":{"drawMode":0,"name":"Shaded","section":"Shading Mode"},"sceneLighting":false,"audioPlay":false,"sceneViewState":{"showFog":true,"showMaterialUpdate":true,"showSkybox":false,"showFlares":true,"showImageEffects":true,"showParticleSystems":true},"in2DMode":false,"pivot":{"x":2.086162567138672e-7,"y":10.0,"z":-1.1100001335144044},"rotation":{"x":0.07391654700040817,"y":0.7844092845916748,"z":-0.09529970586299896,"w":0.608404815196991},"size":4.2868266105651859,"orthographic":false}