{"cameraMode":{"drawMode":0,"name":"Shaded","section":"Shading Mode"},"sceneLighting":false,"audioPlay":false,"sceneViewState":{"showFog":true,"showMaterialUpdate":true,"showSkybox":false,"showFlares":true,"showImageEffects":true,"showParticleSystems":true},"in2DMode":false,"pivot":{"x":30.561111450195314,"y":-0.12147818505764008,"z":51.72429656982422},"rotation":{"x":0.17123709619045258,"y":-0.7056469917297363,"z":0.1830679476261139,"w":0.6627415418624878},"size":2.8578877449035646,"orthographic":false}