{"cameraMode":{"drawMode":0,"name":"Shaded","section":"Shading Mode"},"sceneLighting":false,"audioPlay":false,"sceneViewState":{"showFog":true,"showMaterialUpdate":true,"showSkybox":false,"showFlares":true,"showImageEffects":true,"showParticleSystems":true},"in2DMode":false,"pivot":{"x":8.786203384399414,"y":4.294465065002441,"z":9.735859870910645},"rotation":{"x":-0.0779118612408638,"y":0.7328979969024658,"z":-0.08591781556606293,"w":-0.6703794002532959},"size":0.00005715767838410102,"orthographic":false}