{"cameraMode":{"drawMode":0,"name":"Shaded","section":"Shading Mode"},"sceneLighting":false,"audioPlay":false,"sceneViewState":{"showFog":true,"showMaterialUpdate":true,"showSkybox":false,"showFlares":true,"showImageEffects":true,"showParticleSystems":true},"in2DMode":false,"pivot":{"x":32.29880142211914,"y":0.2332770824432373,"z":52.73151397705078},"rotation":{"x":0.1921708583831787,"y":0.0021849425975233318,"z":0.00007509243732783943,"w":0.98135906457901},"size":2.8578836917877199,"orthographic":false}