{"cameraMode":{"drawMode":0,"name":"Shaded","section":"Shading Mode"},"sceneLighting":false,"audioPlay":false,"sceneViewState":{"showFog":true,"showMaterialUpdate":true,"showSkybox":false,"showFlares":true,"showImageEffects":true,"showParticleSystems":true},"in2DMode":false,"pivot":{"x":-2.8415019512176515,"y":1.8077335357666016,"z":20.44673728942871},"rotation":{"x":0.0848550945520401,"y":-0.8761667609214783,"z":0.16877596080303193,"w":0.44344809651374819},"size":5.077174186706543,"orthographic":false}