{"cameraMode":{"drawMode":0,"name":"Shaded","section":"Shading Mode"},"sceneLighting":false,"audioPlay":false,"sceneViewState":{"showFog":true,"showMaterialUpdate":true,"showSkybox":false,"showFlares":true,"showImageEffects":true,"showParticleSystems":true},"in2DMode":false,"pivot":{"x":-20.079408645629884,"y":-1.4628149271011353,"z":29.288549423217775},"rotation":{"x":-0.1138601005077362,"y":0.326877236366272,"z":-0.04023643210530281,"w":-0.9373196959495544},"size":43.71875,"orthographic":false}