{"cameraMode":{"drawMode":0,"name":"Shaded","section":"Shading Mode"},"sceneLighting":false,"audioPlay":false,"sceneViewState":{"showFog":true,"showMaterialUpdate":true,"showSkybox":false,"showFlares":true,"showImageEffects":true,"showParticleSystems":true},"in2DMode":false,"pivot":{"x":-0.030811384320259095,"y":-0.00341066624969244,"z":-0.029465604573488237},"rotation":{"x":-0.2677232027053833,"y":0.009276165626943112,"z":-0.0030925536993891,"w":-0.963446319103241},"size":6.0452351570129398,"orthographic":false}