{"cameraMode":{"drawMode":0,"name":"Shaded","section":"Shading Mode"},"sceneLighting":false,"audioPlay":false,"sceneViewState":{"showFog":true,"showMaterialUpdate":true,"showSkybox":false,"showFlares":true,"showImageEffects":true,"showParticleSystems":true},"in2DMode":false,"pivot":{"x":0.02771812677383423,"y":1.0964329242706299,"z":3.489671468734741},"rotation":{"x":-0.003484999528154731,"y":-0.9925221800804138,"z":0.11847028136253357,"w":-0.029194535687565805},"size":4.500057220458984,"orthographic":false}