{"cameraMode":{"drawMode":0,"name":"Shaded","section":"Shading Mode"},"sceneLighting":false,"audioPlay":false,"sceneViewState":{"showFog":true,"showMaterialUpdate":true,"showSkybox":false,"showFlares":true,"showImageEffects":true,"showParticleSystems":true},"in2DMode":false,"pivot":{"x":-0.029421772807836534,"y":-2.766235589981079,"z":6.4268598556518559},"rotation":{"x":-0.2131420224905014,"y":0.01113903895020485,"z":-0.002430344233289361,"w":-0.9769546985626221},"size":10.353878021240235,"orthographic":false}