{"cameraMode":{"drawMode":0,"name":"Shaded","section":"Shading Mode"},"sceneLighting":false,"audioPlay":false,"sceneViewState":{"showFog":true,"showMaterialUpdate":true,"showSkybox":false,"showFlares":true,"showImageEffects":true,"showParticleSystems":true},"in2DMode":false,"pivot":{"x":32.01210021972656,"y":0.018122434616088868,"z":52.94488525390625},"rotation":{"x":0.1936408132314682,"y":0.006599579006433487,"z":-0.0007996183703653514,"w":0.9810499548912048},"size":2.8578877449035646,"orthographic":false}