{"cameraMode":{"drawMode":0,"name":"Shaded","section":"Shading Mode"},"sceneLighting":false,"audioPlay":false,"sceneViewState":{"showFog":true,"showMaterialUpdate":true,"showSkybox":false,"showFlares":true,"showImageEffects":true,"showParticleSystems":true},"in2DMode":false,"pivot":{"x":0.6043699979782105,"y":0.08696580678224564,"z":-0.3430832624435425},"rotation":{"x":0.11286714673042298,"y":0.009833643212914467,"z":-0.0011182330781593919,"w":0.993560791015625},"size":3.5396337509155275,"orthographic":false}