{"cameraMode":{"drawMode":0,"name":"Shaded","section":"Shading Mode"},"sceneLighting":false,"audioPlay":false,"sceneViewState":{"showFog":true,"showMaterialUpdate":true,"showSkybox":false,"showFlares":true,"showImageEffects":true,"showParticleSystems":true},"in2DMode":false,"pivot":{"x":-2.565418004989624,"y":0.24649763107299806,"z":9.248950958251954},"rotation":{"x":-0.19439131021499635,"y":0.029795272275805475,"z":-0.006413367111235857,"w":-0.9804505109786987},"size":26.779541015625,"orthographic":false}