{"cameraMode":{"drawMode":0,"name":"Shaded","section":"Shading Mode"},"sceneLighting":false,"audioPlay":false,"sceneViewState":{"showFog":true,"showMaterialUpdate":true,"showSkybox":false,"showFlares":true,"showImageEffects":true,"showParticleSystems":true},"in2DMode":false,"pivot":{"x":535.4913940429688,"y":252.09030151367188,"z":-13.00576400756836},"rotation":{"x":-0.000136033384478651,"y":0.9886343479156494,"z":-0.150337815284729,"w":-0.0008932194905355573},"size":12.44623851776123,"orthographic":false}