{"cameraMode":{"drawMode":0,"name":"Shaded","section":"Shading Mode"},"sceneLighting":false,"audioPlay":false,"sceneViewState":{"showFog":true,"showMaterialUpdate":true,"showSkybox":false,"showFlares":true,"showImageEffects":true,"showParticleSystems":true},"in2DMode":false,"pivot":{"x":0.011560916900634766,"y":0.7883720397949219,"z":4.4540534019470219},"rotation":{"x":-0.12649478018283845,"y":0.4376388490200043,"z":-0.06290098279714585,"w":-0.8879835605621338},"size":3.254387617111206,"orthographic":false}