{"cameraMode":{"drawMode":0,"name":"Shaded","section":"Shading Mode"},"sceneLighting":false,"audioPlay":false,"sceneViewState":{"showFog":true,"showMaterialUpdate":true,"showSkybox":false,"showFlares":true,"showImageEffects":true,"showParticleSystems":true},"in2DMode":false,"pivot":{"x":79.57608032226563,"y":5.259321689605713,"z":8.62297534942627},"rotation":{"x":-0.113044373691082,"y":-0.2578432857990265,"z":0.029874810948967935,"w":-0.9590857028961182},"size":3.523695468902588,"orthographic":false}