{"cameraMode":{"drawMode":0,"name":"Shaded","section":"Shading Mode"},"sceneLighting":false,"audioPlay":false,"sceneViewState":{"showFog":true,"showMaterialUpdate":true,"showSkybox":false,"showFlares":true,"showImageEffects":true,"showParticleSystems":true},"in2DMode":false,"pivot":{"x":5.137022972106934,"y":3.664201021194458,"z":-10.89641284942627},"rotation":{"x":-0.18345870077610017,"y":-0.09001993387937546,"z":0.016366468742489816,"w":-0.9787602424621582},"size":16.452476501464845,"orthographic":false}