{"cameraMode":{"drawMode":0,"name":"Shaded","section":"Shading Mode"},"sceneLighting":false,"audioPlay":false,"sceneViewState":{"showFog":true,"showMaterialUpdate":true,"showSkybox":false,"showFlares":true,"showImageEffects":true,"showParticleSystems":true},"in2DMode":false,"pivot":{"x":1.944167971611023,"y":2.6773762702941896,"z":-1.4682053327560425},"rotation":{"x":-0.0990009754896164,"y":-0.6941171884536743,"z":0.09657018631696701,"w":-0.706451952457428},"size":0.00005715767838410102,"orthographic":false}