{"cameraMode":{"drawMode":0,"name":"Shaded","section":"Shading Mode"},"sceneLighting":false,"audioPlay":false,"sceneViewState":{"showFog":true,"showMaterialUpdate":true,"showSkybox":false,"showFlares":true,"showImageEffects":true,"showParticleSystems":true},"in2DMode":false,"pivot":{"x":-18.607440948486329,"y":5.950897216796875,"z":13.894290924072266},"rotation":{"x":-0.07118555158376694,"y":-0.007039067335426807,"z":0.000005045902526035206,"w":-0.9974383115768433},"size":20.374624252319337,"orthographic":false}