{"cameraMode":{"drawMode":0,"name":"Shaded","section":"Shading Mode"},"sceneLighting":false,"audioPlay":false,"sceneViewState":{"showFog":true,"showMaterialUpdate":true,"showSkybox":false,"showFlares":true,"showImageEffects":true,"showParticleSystems":true},"in2DMode":false,"pivot":{"x":31.848806381225587,"y":0.5,"z":51.538307189941409},"rotation":{"x":0.1921708583831787,"y":0.0021849425975233318,"z":0.00007509243732783943,"w":0.98135906457901},"size":2.8578877449035646,"orthographic":false}