{"cameraMode":{"drawMode":0,"name":"Shaded","section":"Shading Mode"},"sceneLighting":false,"audioPlay":false,"sceneViewState":{"showFog":true,"showMaterialUpdate":true,"showSkybox":false,"showFlares":true,"showImageEffects":true,"showParticleSystems":true},"in2DMode":false,"pivot":{"x":33.38016891479492,"y":0.4369257986545563,"z":51.939517974853519},"rotation":{"x":0.1492939442396164,"y":-0.012651908211410046,"z":0.0024098893627524378,"w":0.988709032535553},"size":2.8578836917877199,"orthographic":false}