{"cameraMode":{"drawMode":0,"name":"Shaded","section":"Shading Mode"},"sceneLighting":false,"audioPlay":false,"sceneViewState":{"showFog":true,"showMaterialUpdate":true,"showSkybox":false,"showFlares":true,"showImageEffects":true,"showParticleSystems":true},"in2DMode":false,"pivot":{"x":-4.705926895141602,"y":1.4276542663574219,"z":8.614357948303223},"rotation":{"x":-0.04273409768939018,"y":-0.013030560687184334,"z":0.00006080382809159346,"w":-0.9990015625953674},"size":15.931804656982422,"orthographic":false}