{"cameraMode":{"drawMode":0,"name":"Shaded","section":"Shading Mode"},"sceneLighting":false,"audioPlay":false,"sceneViewState":{"showFog":true,"showMaterialUpdate":true,"showSkybox":false,"showFlares":true,"showImageEffects":true,"showParticleSystems":true},"in2DMode":false,"pivot":{"x":-11.129186630249024,"y":17.129558563232423,"z":0.4076571464538574},"rotation":{"x":-0.19439131021499635,"y":0.029795272275805475,"z":-0.006413367111235857,"w":-0.9804505109786987},"size":9.000210762023926,"orthographic":false}