{"cameraMode":{"drawMode":0,"name":"Shaded","section":"Shading Mode"},"sceneLighting":false,"audioPlay":false,"sceneViewState":{"showFog":true,"showMaterialUpdate":true,"showSkybox":false,"showFlares":true,"showImageEffects":true,"showParticleSystems":true},"in2DMode":false,"pivot":{"x":0.049501776695251468,"y":4.275019645690918,"z":-9.483912467956543},"rotation":{"x":-0.21533803641796113,"y":0.00796398427337408,"z":-0.002264181151986122,"w":-0.9765044450759888},"size":-8.835658073425293,"orthographic":false}