{"cameraMode":{"drawMode":0,"name":"Shaded","section":"Shading Mode"},"sceneLighting":false,"audioPlay":false,"sceneViewState":{"showFog":true,"showMaterialUpdate":true,"showSkybox":false,"showFlares":true,"showImageEffects":true,"showParticleSystems":true},"in2DMode":false,"pivot":{"x":2.3345248699188234,"y":-9.85605525970459,"z":-20.001220703125},"rotation":{"x":-0.04847085475921631,"y":0.9500877857208252,"z":-0.24310415983200074,"w":-0.1894313097000122},"size":24.451292037963868,"orthographic":false}