{"cameraMode":{"drawMode":0,"name":"Shaded","section":"Shading Mode"},"sceneLighting":false,"audioPlay":false,"sceneViewState":{"showFog":true,"showMaterialUpdate":true,"showSkybox":false,"showFlares":true,"showImageEffects":true,"showParticleSystems":true},"in2DMode":false,"pivot":{"x":-32.78904724121094,"y":4.349702835083008,"z":8.854427337646485},"rotation":{"x":0.09710974246263504,"y":0.7265747785568237,"z":-0.1042340025305748,"w":0.6721562743186951},"size":0.6000571846961975,"orthographic":false}