{"cameraMode":{"drawMode":0,"name":"Shaded","section":"Shading Mode"},"sceneLighting":false,"audioPlay":false,"sceneViewState":{"showFog":true,"showMaterialUpdate":true,"showSkybox":false,"showFlares":true,"showImageEffects":true,"showParticleSystems":true},"in2DMode":false,"pivot":{"x":-36.597869873046878,"y":26.162429809570314,"z":11.302593231201172},"rotation":{"x":-0.0868949145078659,"y":0.28816619515419009,"z":-0.026788583025336267,"w":-0.9532533288002014},"size":163.7405548095703,"orthographic":false}