{"cameraMode":{"drawMode":0,"name":"Shaded","section":"Shading Mode"},"sceneLighting":true,"audioPlay":false,"sceneViewState":{"showFog":true,"showMaterialUpdate":true,"showSkybox":true,"showFlares":true,"showImageEffects":true,"showParticleSystems":true},"in2DMode":false,"pivot":{"x":1.5007027387619019,"y":-4.914509296417236,"z":49.63797378540039},"rotation":{"x":0.1262720823287964,"y":-0.008038230240345002,"z":0.0010220673866569996,"w":0.9919625520706177},"size":120.8106918334961,"orthographic":false}