{"cameraMode":{"drawMode":0,"name":"Shaded","section":"Shading Mode"},"sceneLighting":false,"audioPlay":false,"sceneViewState":{"showFog":true,"showMaterialUpdate":true,"showSkybox":false,"showFlares":true,"showImageEffects":true,"showParticleSystems":true},"in2DMode":false,"pivot":{"x":-1.7494659423828126,"y":6.287906646728516,"z":-2.78328800201416},"rotation":{"x":0.10701818764209748,"y":0.024622565135359765,"z":-0.0021520238369703295,"w":0.993949830532074},"size":4.499942779541016,"orthographic":false}