{"cameraMode":{"drawMode":0,"name":"Shaded","section":"Shading Mode"},"sceneLighting":false,"audioPlay":false,"sceneViewState":{"showFog":true,"showMaterialUpdate":true,"showSkybox":false,"showFlares":true,"showImageEffects":true,"showParticleSystems":true},"in2DMode":false,"pivot":{"x":-0.030811384320259095,"y":-0.00341066624969244,"z":-0.029465604573488237},"rotation":{"x":0.0382060706615448,"y":-0.9131824970245361,"z":0.08939867466688156,"w":0.3957851231098175},"size":2.4452342987060549,"orthographic":false}