{"cameraMode":{"drawMode":0,"name":"Shaded","section":"Shading Mode"},"sceneLighting":false,"audioPlay":false,"sceneViewState":{"showFog":true,"showMaterialUpdate":true,"showSkybox":false,"showFlares":true,"showImageEffects":true,"showParticleSystems":true},"in2DMode":false,"pivot":{"x":-2.1573104858398439,"y":-1.3177210092544556,"z":2.4176201820373537},"rotation":{"x":-0.19389760494232179,"y":0.35202687978744509,"z":-0.07533909380435944,"w":-0.9125814437866211},"size":7.711871147155762,"orthographic":false}