{"cameraMode":{"drawMode":0,"name":"Shaded","section":"Shading Mode"},"sceneLighting":false,"audioPlay":false,"sceneViewState":{"showFog":true,"showMaterialUpdate":true,"showSkybox":false,"showFlares":true,"showImageEffects":true,"showParticleSystems":true},"in2DMode":false,"pivot":{"x":81.2459945678711,"y":6.082479476928711,"z":5.308251857757568},"rotation":{"x":-0.004670736845582724,"y":0.03741360455751419,"z":-0.0006704850820824504,"w":-0.99928879737854},"size":3.523695468902588,"orthographic":false}