{"cameraMode":{"drawMode":0,"name":"Shaded","section":"Shading Mode"},"sceneLighting":false,"audioPlay":false,"sceneViewState":{"showFog":true,"showMaterialUpdate":true,"showSkybox":false,"showFlares":true,"showImageEffects":true,"showParticleSystems":true},"in2DMode":false,"pivot":{"x":32.190673828125,"y":-0.11520624160766602,"z":52.8386344909668},"rotation":{"x":0.24432240426540376,"y":0.06612513959407807,"z":-0.016191791743040086,"w":0.9673013687133789},"size":2.8578836917877199,"orthographic":false}