{"cameraMode":{"drawMode":0,"name":"Shaded","section":"Shading Mode"},"sceneLighting":false,"audioPlay":false,"sceneViewState":{"showFog":true,"showMaterialUpdate":true,"showSkybox":false,"showFlares":true,"showImageEffects":true,"showParticleSystems":true},"in2DMode":false,"pivot":{"x":162.29998779296876,"y":433.19000244140627,"z":0.0},"rotation":{"x":-0.205760657787323,"y":0.024658890441060067,"z":-0.005186321679502726,"w":-0.9782779216766357},"size":581.3859252929688,"orthographic":false}