{"cameraMode":{"drawMode":0,"name":"Shaded","section":"Shading Mode"},"sceneLighting":false,"audioPlay":false,"sceneViewState":{"showFog":true,"showMaterialUpdate":true,"showSkybox":false,"showFlares":true,"showImageEffects":true,"showParticleSystems":true},"in2DMode":false,"pivot":{"x":-10.022273063659668,"y":8.51579475402832,"z":6.015274524688721},"rotation":{"x":0.07948002964258194,"y":0.5033514499664307,"z":-0.0459856279194355,"w":0.8591889142990112},"size":0.9000574946403503,"orthographic":false}