{"cameraMode":{"drawMode":0,"name":"Shaded","section":"Shading Mode"},"sceneLighting":false,"audioPlay":false,"sceneViewState":{"showFog":true,"showMaterialUpdate":true,"showSkybox":false,"showFlares":true,"showImageEffects":true,"showParticleSystems":true},"in2DMode":false,"pivot":{"x":12.77629280090332,"y":-9.211165428161621,"z":44.943626403808597},"rotation":{"x":-0.22208499908447267,"y":0.04713558405637741,"z":-0.011258961632847786,"w":-0.9738222360610962},"size":47.909278869628909,"orthographic":false}