{"cameraMode":{"drawMode":0,"name":"Shaded","section":"Shading Mode"},"sceneLighting":false,"audioPlay":false,"sceneViewState":{"showFog":true,"showMaterialUpdate":true,"showSkybox":false,"showFlares":true,"showImageEffects":true,"showParticleSystems":true},"in2DMode":false,"pivot":{"x":1.0759704113006592,"y":-3.2141201496124269,"z":-6.797262668609619},"rotation":{"x":-0.025944851338863374,"y":-0.967426598072052,"z":0.22600677609443665,"w":-0.11105727404356003},"size":12.571120262145996,"orthographic":false}